PatientUID,Name,Doctor,Diagnosis,Medicines,Notes,Timestamp
SXiVYD4rpby6,bz,UV,cough,"[{""order"": 1, ""name"": ""Metformin 500mg"", ""times"": {""morning"": true, ""afternoon"": true, ""night"": false}, ""meal"": ""Before Meal"", ""duration"": ""3"", ""notes"": """"}, {""order"": 2, ""name"": ""Dolo 650"", ""times"": {""morning"": false, ""afternoon"": true, ""night"": true}, ""meal"": ""After Meal"", ""duration"": ""5"", ""notes"": """"}]",r,2025-10-15T08:02:09.160308
SXiVYD4rpby6,bz,UV,cough,"[{""order"": 1, ""name"": ""Dolo 650"", ""times"": {""morning"": false, ""afternoon"": true, ""night"": false}, ""meal"": ""After Meal"", ""duration"": ""1"", ""notes"": """"}, {""order"": 2, ""name"": ""Cetrizine 10mg"", ""times"": {""morning"": false, ""afternoon"": true, ""night"": false}, ""meal"": ""After Meal"", ""duration"": ""1"", ""notes"": """"}]",,2025-10-15T08:02:56.575802
SXiVYD4rpby6,bz,UV,cough,"[{""order"": 1, ""name"": ""Dolo 650"", ""times"": {""morning"": false, ""afternoon"": false, ""night"": true}, ""meal"": ""After Meal"", ""duration"": ""5"", ""notes"": """"}, {""order"": 2, ""name"": ""Dolo 650"", ""times"": {""morning"": true, ""afternoon"": true, ""night"": false}, ""meal"": ""After Meal"", ""duration"": ""5"", ""notes"": """"}]",,2025-10-15T13:12:01.190020
MFdj999GGmH3,Dravid,RAJ,fever,"[{""order"": 1, ""name"": ""Dolo 650"", ""times"": {""morning"": true, ""afternoon"": false, ""night"": false}, ""meal"": ""After Meal"", ""duration"": ""5"", ""notes"": """"}, {""order"": 2, ""name"": ""Amoxicillin 500mg"", ""times"": {""morning"": false, ""afternoon"": true, ""night"": true}, ""meal"": ""Before Meal"", ""duration"": ""3"", ""notes"": """"}]",drink water and take rest,2025-10-15T13:29:09.861119
MFdj999GGmH3,Dravid,RAJ,hype,"[{""order"": 1, ""name"": ""Cetrizine 10mg"", ""times"": {""morning"": false, ""afternoon"": false, ""night"": true}, ""meal"": ""Before Meal"", ""duration"": ""9"", ""notes"": """"}]",,2025-10-15T14:53:18.347070
3hvdb3GSgsaC,Kamal Hassan,RAJ,dope,"[{""order"": 1, ""name"": ""Ibuprofen 400mg"", ""times"": {""morning"": true, ""afternoon"": true, ""night"": true}, ""meal"": ""After Meal"", ""duration"": ""5"", ""notes"": """"}]",,2025-10-15T14:53:58.210326
3hvdb3GSgsaC,Kamal Hassan,RAJ,Nopi,"[{""order"": 1, ""name"": ""Metformin 500mg"", ""times"": {""morning"": false, ""afternoon"": true, ""night"": false}, ""meal"": ""After Meal"", ""duration"": ""5"", ""notes"": """"}, {""order"": 2, ""name"": ""Pantoprazole 40mg"", ""times"": {""morning"": true, ""afternoon"": false, ""night"": true}, ""meal"": ""Before Meal"", ""duration"": ""20"", ""notes"": """"}]",,2025-10-16T05:12:19.970221
3hvdb3GSgsaC,Kamal Hassan,RAJ,fever,"[{""order"": 1, ""name"": ""Dolo 650 mg (tablet)"", ""qty"": 1, ""medicine_id"": ""1"", ""times"": {""morning"": false, ""afternoon"": false, ""night"": true}, ""meal"": ""After Meal"", ""duration"": ""5"", ""notes"": """", ""inventory_label"": ""Dolo 650 mg tablet"", ""in_stock_qty"": 96}, {""order"": 2, ""name"": ""Amoxicillin 500 mg (capsule)"", ""qty"": 1, ""medicine_id"": ""4"", ""times"": {""morning"": false, ""afternoon"": true, ""night"": false}, ""meal"": ""Before Meal"", ""duration"": ""5"", ""notes"": """", ""inventory_label"": ""Amoxicillin 500 mg capsule"", ""in_stock_qty"": 311}]",,2025-10-16T19:24:24.847449
AqB7JUjXizUP,Super man,RAJ,fever,"[{""order"": 1, ""name"": ""Allegra (Tamsulosin) 50 mg (injection)"", ""qty"": 1, ""medicine_id"": ""34"", ""times"": {""morning"": false, ""afternoon"": true, ""night"": true}, ""meal"": ""After Meal"", ""duration"": ""5"", ""notes"": """", ""inventory_label"": ""Allegra (Tamsulosin) 50 mg injection"", ""in_stock_qty"": 330}]",,2025-10-17T05:20:38.540920
